Date,de,en,es,fr,ja,ru,zh
2015-07-01,783.9487437185929,3941.539642657733,1150.3044886278053,510.26108463533814,624.8050155418576,677.4708282625814,287.34065857885616
2015-07-02,773.2712385456696,3928.8031360506234,1099.2758698599187,513.5378536526513,717.4893841209631,689.1924976734197,287.7671403812825
2015-07-03,742.182382500739,3730.0864042434396,1010.977481548426,493.79338842975204,647.9966282071546,638.7805855823609,285.85816291161177
2015-07-04,681.0717706177949,3883.4182951796015,949.2223979514987,527.8198105809254,814.1465676202519,600.8309113036008,288.6228076256499
2015-07-05,791.7425362104641,4010.6957007258516,1032.2939448712154,518.211859805755,781.063063063063,639.8654878659889,307.88201039861355
2015-07-06,871.5173514631983,4318.272008189094,1176.3584877240548,539.8783253906014,680.6206733048838,689.2766840861908,309.4790294627383
2015-07-07,845.1821460242388,4086.967150567653,1146.5892453682784,521.8429752066115,662.0732838101259,673.4802061708068,309.13649913344886
2015-07-08,857.532840673958,3856.281779266704,1112.8220364512729,512.2392471496652,658.081818660766,670.3219987114325,317.20769497400346
2015-07-09,825.5844516701153,3945.5552763819096,1091.7509414068384,506.9388912348435,641.5306885833202,686.6539480277758,315.27008665511266
2015-07-10,769.4021282885013,3923.24209008003,992.3408645880404,478.4105688604693,666.525156735683,786.3356002577135,327.7525129982669
2015-07-11,711.7817913094887,3945.0904987902477,892.5964000602501,474.115883452977,688.3367051261788,724.0178967714224,305.8358405545927
2015-07-12,844.4136565178835,4340.088498045784,1017.0997138123212,541.4180491041805,740.5698329908856,800.854391867707,344.56117850953206
2015-07-13,921.3742240614839,4298.7995533221665,1153.7518451574033,527.9641068950956,659.2866023918656,825.9788102226358,316.1831542461005
2015-07-14,876.8740762636713,4323.251721570817,1211.7732339207712,566.2315859323159,617.6488067014383,800.6250984322428,298.64117850953204
2015-07-15,818.4356488323973,3996.6879303927044,1145.2576442235277,522.4301140133921,618.9986828934198,766.2767556732765,292.8781282495667
2015-07-16,810.60798108188,4043.853899125256,1090.4249887031178,510.85220486215843,708.1162741689058,781.4116973298017,292.1405199306759
2015-07-17,834.2954182678096,3876.098873999628,981.3845458653411,491.7555649393738,847.7018070702281,771.6798625527955,293.4019410745234
2015-07-18,981.6451078924032,3741.2347385073517,853.7650248531405,497.794353622489,712.821611084769,691.8275467105734,305.7661698440208
2015-07-19,926.7682530298551,3971.4805509026614,913.1908419942763,539.6876395005128,698.9946788894157,766.2815520080178,344.72727902946275
2015-07-20,849.2471770617794,4173.7628419877165,1072.8067480042175,526.2949870302226,699.1352405036615,786.2484787744291,324.1945233968804
2015-07-21,791.9965119716228,3975.640656988647,1062.7724807953005,512.5713941002593,610.8925767873136,765.1877729257642,318.94065857885613
2015-07-22,808.0053207212533,3913.1108319374653,1093.7689411055883,515.7822283887314,612.972235393288,746.8442265015391,322.89746967071056
2015-07-23,784.9249778303281,3854.1662013772566,1026.1897876186172,485.86300295590274,582.3195300563722,671.1487579640633,287.37095320623916
2015-07-24,744.3976943541236,3746.857761027359,911.4795149871969,454.85859926404055,529.809335651441,595.5031856253132,249.59112651646447
2015-07-25,739.966479456104,3754.3169086171597,816.7766229853894,455.82970380647885,516.4398609135451,543.0403035292434,240.13414211438476
2015-07-26,773.4156665681348,4022.0629071282337,900.6827082391926,494.583519334017,552.9613824350666,606.7626888109385,259.2696707105719
2015-07-27,828.0309784215193,4087.009817606551,1037.4311643319777,479.4610605055197,534.3641536273116,655.7301882740354,259.2409705372617
2015-07-28,821.4399054093999,4026.89777591662,1029.4963849977407,473.5419557217832,522.3378114957062,631.7843081108168,255.9197227036395
2015-07-29,819.3387525864617,4699.262888516658,1041.2491339057087,480.325692224166,568.7867341025236,619.4069725821462,258.4666897746967
2015-07-30,783.148861956843,3682.718220733296,990.5352462720289,458.56855884659467,513.1505189399926,604.2622234948815,248.51778162911612
2015-07-31,733.5228495418268,3562.2636795086546,894.8837174273234,430.76853471677623,480.9064854328012,593.5449208962704,234.18585788561526
2015-08-01,718.4036653857523,3568.4832961101806,781.5549028468142,417.1667973698498,466.8143406564459,531.6473620158923,212.8711958405546
2015-08-02,743.1321312444576,3884.218546435883,857.8214339508962,425.73445134825363,520.7779358305675,593.3078960555516,233.79785095320625
2015-08-03,772.7238545669524,3665.145309882747,884.136993523121,434.2196416721964,562.652968758232,753.0582003006657,259.4070017331023
2015-08-04,818.417617499261,3950.9302996463803,1072.480795300497,521.9464318031007,650.210157525947,792.1735986827977,305.8347313691508
2015-08-05,783.6636712976648,3956.3769774799925,1085.4691218557011,503.58406225493155,640.145355882198,757.5616722743217,317.1424610051993
2015-08-06,789.2229973396394,3963.9132700539735,1086.1997288748305,513.03963322676,671.4685738369949,761.5969647075667,310.21636048526864
2015-08-07,805.2136565178836,4038.0234505862645,965.2400210875131,518.979127707064,651.2012012012012,761.4590879805284,304.9463431542461
2015-08-08,728.0077446053798,3852.220174948818,887.9976653110408,524.4567774627496,668.4461830251304,697.3850669339251,304.4536568457539
2015-08-09,812.1090747856932,4016.169179229481,970.9994728121706,541.8567895276587,710.3554607238817,728.9386498675639,316.2865164644714
2015-08-10,776.1396393733372,3941.458914945096,1037.9102274438922,498.27749291186586,703.3349138612297,724.1085260219056,295.90197573656843
2015-08-11,803.668755542418,3935.712962962963,1204.820228950143,514.5443687036255,670.3963437121332,757.248049251915,292.4344540727903
2015-08-12,808.884835944428,3949.3724641727154,1211.8985539990963,512.0130301019485,717.8196617670302,778.4854320280622,301.1119584055459
2015-08-13,824.6031924327519,3895.1263260748187,1169.0430787769242,537.0536285214454,712.3878088614931,795.0975016107094,311.767417677643
2015-08-14,785.6056754360036,3856.021589428625,998.2715770447356,539.1833866200157,747.194404931247,802.4288782303672,300.4465164644714
2015-08-15,742.0040792196276,3854.351944909734,864.6430185268866,542.6810641249924,799.8524313787472,741.7633330947098,313.0667590987868
2015-08-16,889.264026012415,4112.305229852968,940.6462569664106,548.1520178560656,797.6654549286128,772.2784021762474,333.83764298093587
2015-08-17,873.5176470588235,4166.87455797506,1160.0435306522068,546.3560957953791,726.8419998946315,815.4462023051042,325.9750433275563
2015-08-18,857.0267809636417,4021.391680625349,1267.5668022292514,529.8731978041865,686.1614772667405,832.2315126351207,323.14343154246103
2015-08-19,816.158261897724,3861.9885073515725,1276.4209218255762,502.2495626470411,648.6283125230493,739.0425943159854,301.8940727902946
2015-08-20,820.8679278746674,3870.368695328494,1209.60076818798,472.7860891596791,584.782097887361,634.0959982819099,256.9335181975737
2015-08-21,772.448063848655,3794.069095477387,1104.3119445699654,507.3488568498522,606.6846320004215,702.0014317417138,291.4594800693241
2015-08-22,676.6674549216672,3746.5149823190022,939.6072450670282,501.90529046268927,808.7950582161109,710.7624024625958,337.16020797227037
2015-08-23,818.6001773573751,4150.998511073888,1095.9213737008586,579.1397719732159,968.911174332227,789.0307824468466,369.4049220103986
2015-08-24,867.5007389890629,4129.595896147403,1352.975222172014,579.0066357000663,764.1605289500027,896.2388861049467,334.211993067591
2015-08-25,902.9330180313332,3919.276149264843,1570.4643771652356,570.889425107076,775.6483325430694,976.5008948385711,321.7118890814558
2015-08-26,824.113686077446,3737.9367671691793,1588.0486519054075,568.2330337214213,687.5924872240662,800.2154771279261,335.58752166377815
2015-08-27,840.34401418859,3735.601200446678,1540.688582617864,560.7155697653375,746.4785311627417,821.5477127926122,339.87584055459274
2015-08-28,823.767898315105,3623.381583845152,1310.0683084801929,532.3754599746637,759.4272166903746,802.4663898632687,328.8494280762565
2015-08-29,716.748861956843,3724.0909175507168,1009.649947281217,532.422754418773,751.6400611137453,760.7200229078675,336.17025996533795
2015-08-30,842.2327519952705,3925.7578633910293,1221.4419340262089,585.6139832297762,793.8068068068068,820.4106951106021,357.12145580589254
2015-08-31,846.6037245048773,4254.711706681556,1515.8286639554149,579.8253001146167,730.6708287234603,765.9945593814875,323.5932062391681
2015-09-01,874.1253916642033,3810.450353619952,1598.356604910378,567.8265669300838,703.8041199093831,737.2183406113537,301.31916811091855
2015-09-02,875.1236180904523,3825.419644518891,1596.7861123663201,595.5098027387344,666.9310362994573,825.3592955830768,299.5496013864818
2015-09-03,910.009518179131,3757.110924995347,1549.229100768188,582.2047415093201,689.6713555660924,848.9465244469898,309.379410745234
2015-09-04,838.1112621933196,3694.040294062907,1286.5014309383944,575.1997345719974,665.1750171223855,849.0665759896915,290.32180242634314
2015-09-05,803.5797221401124,3796.6938395682114,1055.4240849525531,619.2032333956687,722.5224698382593,825.7620445271673,316.8169844020797
2015-09-06,900.3657109074786,4008.990275451331,1230.1916704322941,641.1389274295711,778.8729782413993,911.1134655308182,335.1124436741768
2015-09-07,916.5790127106119,4260.819048948446,1557.923105889441,617.0481993123002,674.966229387282,863.7785811439617,296.85968804159444
2015-09-08,880.7395211350872,4087.2621440536013,1615.7022895014309,600.0173734692646,660.369527422159,899.960770277042,283.36305025996535
2015-09-09,853.8318060892699,3975.9047087288295,1594.0732037957523,617.1596187488689,660.6708814077235,920.2907151549861,275.5229116117851
2015-09-10,843.5345551285841,3871.954727340406,1503.1241903901189,585.519756288834,623.2763816448027,855.0485360440977,261.8583708838822
2015-09-11,882.8686964232929,4012.2563744649174,1277.7602801626751,566.8443023466249,632.1955639850377,829.0622807645501,273.41261698440206
2015-09-12,767.2388412651493,3929.6121347478133,1025.3733996083747,616.0349279121674,664.6646646646647,793.8810222635836,307.9902253032929
2015-09-13,900.1792491871121,4373.527963893542,1176.1857960536224,712.56572359293,727.220430957273,909.7665545135658,315.392027729636
2015-09-14,929.435175879397,4170.93541782989,1460.0469950293718,634.6141642034144,661.1705916442759,884.0397308325578,270.3801733102253
2015-09-15,875.4548034289093,4010.3704168993113,1401.0764422352763,612.4799420884358,603.1769664401244,880.307108597609,264.21289428076255
2015-09-16,863.3062961868164,3891.094453750233,1354.8582617864135,642.327743258732,604.2042568884674,952.4032500536903,270.23071057192374
2015-09-17,868.1577298255986,4041.4083845151686,1539.8438770899231,628.1738553417385,646.4656762025184,938.9372181258501,262.9493240901213
2015-09-18,846.3508720070943,3845.4447701470312,1275.6452025907515,599.6775653013211,660.6294188925768,912.240174672489,269.2696707105719
2015-09-19,823.7642920484777,3775.7681462869905,1030.480569362856,577.8582976413103,695.3449238712396,901.7656954685375,302.6270363951473
2015-09-20,946.3798403783624,4219.461567094733,1233.8996836873023,629.0758882789407,691.9385701490964,1037.199155272389,334.5997920277296
2015-09-21,921.2890925214307,4394.925925925926,1535.2768489230307,624.5131809133136,829.4599863020916,1016.2361657956905,292.68020797227035
2015-09-22,905.4819391073012,4102.197608412433,1592.1241903901189,605.0110393919285,776.7789368315684,981.4334598038514,280.5565337954939
2015-09-23,915.7949748743719,4206.530011166946,1593.926043078777,610.7550220184593,996.234181549971,1002.7593242179111,280.81850953206236
2015-09-24,904.9258646172036,3892.2001675041874,1467.6539388462118,599.3346202569826,697.7151888730837,971.38764406901,300.4178856152513
2015-09-25,877.5265149275791,3810.470593709287,1203.5628859768037,585.0620136333474,739.8571202781729,920.9884028921183,264.9557712305026
2015-09-26,786.2266627253916,3770.7956448911223,1045.0784756740472,588.2226578994993,740.6598177124492,891.7818741499034,315.42253032928943
2015-09-27,870.6861365651788,4035.7584682672623,1236.99254405784,787.128310309465,781.1440387756177,987.1495454220059,331.7502253032929
2015-09-28,916.3813183564884,4203.9455611390285,1523.093161620726,620.864330095916,883.9765555028713,971.8549645643926,414.11500866551125
2015-09-29,881.1025716819391,3906.759864135492,1593.4577496610934,601.7486276165772,689.9683367578104,969.0617080678645,330.3596533795494
2015-09-30,861.452793378658,4051.254094546808,1572.392830245519,623.2683839054112,673.8490069016385,984.0982174815663,280.54447140381285
2015-10-01,838.2818208690511,3906.9521682486507,1484.8591655369785,610.930023526573,646.847637110795,944.7805139952752,297.26925476603117
2015-10-02,812.196807567248,3901.285268937279,1264.9876487422805,596.1523194787959,645.6816289974184,953.0518290500394,286.5832235701906
2015-10-03,882.8169671888857,3991.961194863205,1036.152056032535,604.8696386559691,774.2537274116221,979.5122055981101,329.4540727902946
2015-10-04,917.5193023943245,4398.965335938954,1193.3353667721042,654.5865355613199,797.088825667773,979.4081179755173,351.2044367417678
2015-10-05,919.7543600354714,4294.6985389912525,1455.5735050459407,640.3678590818604,721.3686844739476,922.5391939294151,299.9709532062392
2015-10-06,889.9150458173219,4018.7313418946583,1552.679921674951,601.39663389033,692.5246825773141,921.6999785238743,294.3721317157712
2015-10-07,901.2692284954182,4100.660385259632,1544.0387106491942,630.5723592929963,675.0638533270112,957.0388717875295,291.29892547660313
2015-10-08,878.983978717115,4108.771775544388,1479.244087965055,623.1389877541171,708.6530214424952,954.1436036938936,295.8879029462738
2015-10-09,867.3657109074786,4203.119998138843,1289.738665461666,594.8489473366712,647.2166903745851,911.8062853461236,323.45538994800694
2015-10-10,819.7183564883239,4283.371021775544,1085.6327007079378,625.8793509078844,718.0276065539224,878.8342758966282,335.0773656845754
2015-10-11,930.0423884126515,4493.152707984366,1240.652056032535,676.2022682029318,784.2373952900268,970.684587300451,342.0175389948007
2015-10-12,906.0890334023056,4597.1346547552575,1650.221569513481,640.7770404777704,782.6318423686845,968.030209750161,292.50294627383016
2015-10-13,909.137688442211,4552.072259445375,1712.5928603705377,638.7176811244495,661.1328697118171,938.2930775288138,287.1239514731369
2015-10-14,907.5570203960981,4729.607993672064,1678.4040518150323,646.1655305543826,632.4224751066856,957.4286634691101,295.09864818024266
2015-10-15,903.854389595034,4417.033826540108,1584.4705527940955,614.3563370935634,628.5042937674517,935.5799269811725,293.37025996533794
2015-10-16,843.0611291752882,3839.813279359762,1326.8904955565597,597.7158110635218,680.3451346082925,893.9445915956761,299.12
2015-10-17,801.334496009459,3924.99674297413,1126.4557915348696,599.3221330759486,731.3946051314473,875.5090557663398,335.3332409012132
2015-10-18,911.5448418563406,4240.952540480179,1323.4291308932068,641.2217530313085,772.5623518255097,964.3567900350777,366.93864818024264
2015-10-19,924.1657109074786,4441.5685836590355,1570.9682934176833,640.5134222114979,686.6089247141879,952.473476984752,319.7346273830156
2015-10-20,926.8024830032515,4467.086311185558,1632.3569814731134,636.0283525366472,669.9751330277646,930.6111389505334,317.26856152513
2015-10-21,922.4203369790127,4446.139168062535,1641.1262238288898,627.0476563913857,700.0468889942574,938.7194502111819,335.3701213171577
2015-10-22,914.2892698788058,4338.790805881258,1564.9033740021086,618.5063642396091,659.9327748801433,922.2795475696184,317.9948006932409
2015-10-23,873.0763227904228,4153.197282709845,1315.8486970929357,598.1771128672257,705.3310679100152,882.4144892261436,320.4162218370884
2015-10-24,808.9484481229678,4058.291596873255,1116.882211176382,645.7988779634434,701.1324482377114,870.288639129501,353.01476603119585
2015-10-25,921.4071534141294,4459.973711148335,1283.9179846362404,658.8707244977982,727.0811864496075,955.9733696041234,384.1390641247834
2015-10-26,934.3149275790719,4524.134049879025,1552.4715318572073,683.5524521927972,668.3552499868289,954.337103586513,325.7333102253033
2015-10-27,898.7874076263671,4541.509398846082,1645.777300798313,638.004162393678,683.7926347400031,949.4323144104803,316.6010398613518
2015-10-28,886.0513745196571,4431.180671877908,1610.6768338605211,639.4042951076793,629.2624729993152,925.1731691602835,315.280554592721
2015-10-29,889.011173514632,4223.329564489112,1475.9755987347492,635.192013030102,628.3831199620673,928.8276898847448,324.1620103986135
2015-10-30,861.2514336387821,4056.826633165829,1209.5119746949842,641.5931109368402,724.1381381381382,903.4853604409765,310.50655112651646
2015-10-31,830.6770913390482,3952.496231155779,1013.9598584124116,665.4469445617422,685.4722090511564,870.7184479919822,342.4090814558059
2015-11-01,964.6594147206621,4129.47440908245,1070.5477481548426,696.9751462870242,717.7454823244296,993.4418354928771,371.9014904679376
2015-11-02,945.6270174401419,4568.523497115206,1372.4411809007381,661.986426977137,839.730783414994,953.0245543703916,327.0945580589255
2015-11-03,913.7483298847177,4391.756839754327,1486.8680524175327,635.3294926705677,734.2007270428323,944.6567399241177,317.10904679376085
2015-11-04,946.9701448418564,4286.5165177740555,1579.6848923030577,664.7237739036013,623.7434803224277,1050.0564106235236,326.5805199306759
2015-11-05,919.0449896541531,4377.824120603015,1545.9804940503088,632.735959461905,631.4437068647595,1014.4316701267092,312.8777816291161
2015-11-06,879.5746378953592,4049.1115764005212,1310.65115228197,648.1439343668939,704.0459406775196,971.5588087908941,309.67306759098784
2015-11-07,871.1752290866095,3929.5092127303183,1059.890796806748,715.4336128370634,755.718033823297,997.547068508841,367.68998266897745
2015-11-08,1041.1228495418268,4289.661083193747,1250.5445097153186,730.0036194727635,803.0696485959644,1035.460304960985,395.3362911611785
2015-11-09,1038.1598581141,4463.143309138284,1539.5958728724206,662.4400675634915,703.3229545334808,1033.72131147541,340.2936568457539
2015-11-10,1056.2120011823824,4280.039596128792,1603.901641813526,644.3630934427218,660.2554659923081,1049.6004008876798,323.70620450606583
2015-11-11,1009.3207212533255,4237.1256746696445,1551.2039463774665,758.6303311817578,631.0223381276013,1050.024697544563,327.09559792027727
2015-11-12,957.0292639668933,4171.44658477573,1490.321208013255,638.2168667430777,641.4764237922133,1106.009234734054,317.65025996533797
2015-11-13,924.2091634643807,3937.2980643960545,1265.8446302153939,649.9358750075405,693.6747273589378,1029.493091846231,321.5696360485269
2015-11-14,915.5592078037245,4040.455657919226,1090.7414520259076,757.6730409603667,737.3613613613613,1005.0921325792827,350.67597920277296
2015-11-15,1156.2274903931423,4478.268099758049,1176.8024551890344,789.6630874102673,713.7048100732311,1097.847447920395,381.75535528596185
2015-11-16,1105.4993201300622,4571.579983249581,1428.0228197017623,719.9402786994028,664.3570412517781,1035.8722886391295,353.38259965337954
2015-11-17,1058.6336387821461,4361.609854829704,1557.6354119596324,928.8181818181819,660.5395395395395,1082.9523945880164,371.489150779896
2015-11-18,1084.509133904818,4247.239019169923,1641.129688206055,666.6036074078543,656.085559243454,1051.6600329300595,337.3301213171577
2015-11-19,1072.0537392846586,4205.961008747441,1510.6886579304112,651.2812933582675,644.1232811759128,1020.8630539050755,324.7873830155979
2015-11-20,968.5766479456104,4110.756653638563,1236.9728121705075,637.6752729685709,653.0427269374637,997.5898775860835,323.6223916811092
2015-11-21,1005.8453443689033,4347.519123394752,1042.2713511070945,710.3218314532184,687.1594225804752,995.2893550003579,396.9143847487002
2015-11-22,1132.9603901862251,4608.134189465848,1232.712004820003,769.749532484768,727.8907328381013,1114.6306822249267,433.5792027729636
2015-11-23,1070.5385752290865,4696.258747440908,1496.6998794999247,684.1974422392472,796.2503556187767,1018.6990478917603,355.2413864818024
2015-11-24,988.4058527933787,4446.6502884794345,1624.7904804940504,684.8838149242927,800.2233285917497,1029.3146252416063,332.31681109185445
2015-11-25,972.6272539166421,4393.420016750419,1513.8743033589396,686.5202388852024,689.4859596438544,1089.5637482998068,327.6271057192374
2015-11-26,948.216021282885,4222.474874371859,1374.5576140985088,670.5593895155939,619.9226068173436,1042.577278259002,314.1174350086655
2015-11-27,916.814247709134,4199.6413083938205,1173.659662599789,702.9652530614707,618.7336283652073,985.9375760612785,303.4403466204506
2015-11-28,885.022287910139,4412.959845523916,976.2287242054526,695.1876696627858,680.1578947368421,994.8468752237096,346.0451993067591
2015-11-29,1060.0898019509311,4569.731341894659,1114.7497364060853,763.4715569765337,722.6011274432327,1070.3167012670915,380.2849913344887
2015-11-30,1009.7569612769731,4802.208403126745,1293.4948034342522,712.247390963383,651.4549812970865,1157.505046889541,335.87396880415946
2015-12-01,955.1018622524387,4478.638609715243,1303.6876788672994,681.2765277191289,624.9078025393815,997.9777364163505,338.1638821490468
2015-12-02,957.4472953000295,4247.805648613437,1290.9339508962194,697.9741810942872,772.6517043359148,1014.1577779368602,349.91819757365687
2015-12-03,1077.1639964528524,4277.963521310255,1226.5726012953758,661.5404476081318,663.8602813339655,1005.1819027847376,339.8275909878683
2015-12-04,1164.3119125036949,4106.451609901359,1041.3321283325802,653.9739397961031,682.0442020968337,939.2684515713365,329.3983362218371
2015-12-05,1090.8374224061483,4050.1293039270427,849.2051513782196,670.333956686976,711.1191718033823,950.4716873076097,363.64769497400346
2015-12-06,1238.6885013301803,4361.60687697748,941.6450519656574,739.0022320082041,769.2142142142142,1108.5570907008375,403.26578856152514
2015-12-07,1381.033520543896,4775.065559277871,1146.4583521614702,722.5884659467938,663.2590485222064,1003.2144749087265,352.9879376083189
2015-12-08,1006.7866981968667,4534.696445188907,1205.9851634282272,694.1767509199493,640.1091617933723,973.3070370105233,336.38620450606584
2015-12-09,954.5252734259533,4366.374604504002,1193.304940503088,688.7110454243832,623.5354828512724,968.1897057770778,341.049150779896
2015-12-10,946.5979308306237,4176.394565419691,1170.8337098960687,672.1496048742233,644.4072493546178,977.2272889970649,333.21622183708837
2015-12-11,884.382500738989,4213.945840312675,981.5018828136767,655.3638173372746,667.1597386860544,964.3325220130289,330.6849220103986
2015-12-12,870.865563109666,4021.145821701098,868.9984937490586,722.8390541111178,770.0223908118645,988.7470828262582,375.16242634315427
2015-12-13,990.4953591486847,4487.950818909361,972.5115228197018,783.9439584967123,797.0386175649334,1081.0887679862553,414.07272097053726
2015-12-14,1080.5815548329886,4598.794202493951,1122.2936436210273,717.9832297761959,697.1837100258153,1036.7516643997424,363.1681109185442
2015-12-15,973.4065622228791,4298.032616787642,1053.1225335140834,667.3596549435965,707.4395448079658,977.1270670770992,346.3339341421144
2015-12-16,974.5043452556902,4294.599153173273,1018.0350203343877,690.4664897146649,691.6664032453506,1010.3852816951822,330.8986481802426
2015-12-17,967.835175879397,4272.028010422483,971.6525079078175,689.2092055257284,660.6126126126126,1021.8652015176463,313.0838821490468
2015-12-18,895.7707951522317,4268.535455053043,833.7540292212683,676.583519334017,791.1374532427164,983.6673348127998,309.5726863084922
2015-12-19,890.6183269287615,4189.880187976922,783.1528091580058,696.1602219943295,738.9420999947316,988.9882597179469,347.07493934142116
2015-12-20,1035.3148093408217,4413.098222594454,845.9442687151679,750.1433914459793,786.035509193404,1098.723387500895,385.4038821490468
2015-12-21,976.7609813774756,4641.959287176624,855.4091730682331,719.1540085660855,697.9709182867077,1008.9234734053977,349.91792027729633
2015-12-22,897.9832692876146,4385.065280104225,806.8602199126375,652.7845207214816,672.1528370475739,994.4535757749302,349.54759098786826
2015-12-23,855.6741353827963,4366.848269123395,752.9081186925741,671.2384629305665,840.3980296085559,922.6644713293722,349.76249566724437
2015-12-24,814.3022169671889,4146.018053229109,683.4999246874529,603.2510104361464,753.698540645909,910.5567327654092,327.514870017331
2015-12-25,960.2523795447827,4114.3827470686765,673.8539689712306,628.6382940218375,933.1327643432907,901.5328226787888,335.8067244367418
2015-12-26,1041.9425362104641,4616.505490415038,793.6238891399307,672.2538456898112,1219.656972762236,863.6741355859403,387.6429116117851
2015-12-27,1069.3419450192137,4701.365670947329,806.3837927398705,708.7417506183266,847.9418365734156,904.9260505404825,436.0115077989601
2015-12-28,984.3334909843335,4724.96421924437,893.8956168097606,704.2841286119321,865.2016753595701,868.2970864056124,384.85705372616985
2015-12-29,1008.4429796039019,4640.721710403871,906.1213285133304,718.4564155154733,799.0474685211527,822.3605841506193,360.92665511265164
2015-12-30,949.691279929057,4423.529034059185,823.5957975598735,701.5631899619956,816.8103893367052,765.6011883456224,358.3996533795494
2015-12-31,884.3636417381023,4157.847245486692,733.6686247928905,644.2777945345962,1210.6881618460566,801.1672990192569,360.87008665511263
2016-01-01,1082.3199527047,4632.522473478503,726.251619219762,754.4064667913374,899.6006532848638,1019.35392655165,536.1658232235702
2016-01-02,1100.1356192728347,4980.188395682114,868.8478686549179,788.8479218193883,1036.4790053211107,1059.5718376404895,445.36048526863084
2016-01-03,1154.3752882057345,5122.035641168807,893.7977858111161,907.2942631356699,989.6462778568042,1044.9702913594388,488.82357019064125
2016-01-04,1180.6309193023944,5171.94798064396,968.3540442837776,832.9485431622127,899.2832832832833,1058.285918820245,398.5736568457539
2016-01-05,1088.139166420337,4644.287362739624,1079.8182708239192,803.836158532907,918.9207101838681,1013.3439759467392,388.5579896013865
2016-01-06,1124.2647354419155,4682.9035455053045,980.8507305317066,768.7576762984859,919.677993783257,1076.4574414775575,397.93566724436744
2016-01-07,1091.6413833875258,4652.807788944724,1016.2002560626601,728.5575194546661,911.6608187134503,1050.754313121913,391.8607279029463
2016-01-08,1082.1979899497487,4560.340498790248,1108.1021238138273,734.8519635639742,951.6515462831252,1062.5647505190063,385.5073136915078
2016-01-09,1073.2300916346437,4759.216824865066,1072.6568007230005,806.9166918018942,924.438596491228,1181.261436036939,416.651993067591
2016-01-10,1212.4806976056755,4997.6078075563,1172.021238138274,864.4474271581106,1212.1831831831832,1133.0361514782733,433.5383708838821
2016-01-11,1312.6932308601833,6771.962311557789,1570.2102726314204,941.13772093865,1542.573152099468,1180.8408619085117,441.07660311958404
2016-01-12,1151.070351758794,5444.458821887214,1471.5689109805694,779.5652409965616,1110.6220430957273,1098.9241892762545,411.3015597920277
2016-01-13,1105.7118533845698,4812.354922761958,1370.1533363458352,777.3544670326356,949.4408619145461,1079.0810365810007,404.1717157712305
2016-01-14,1157.5842151936151,5290.609249953471,1365.2127579454736,785.2368341678228,905.4815341657447,1260.0296370534757,422.76311958405546
2016-01-15,1192.109074785693,4864.379164340219,1233.0147612592257,755.2189781021898,961.172119487909,1165.0308540339322,488.7968110918544
2016-01-16,1109.247827372155,4771.502466033873,1078.3718933574332,767.0773360680461,963.9249249249249,1163.6094208604768,741.0784748700173
2016-01-17,1223.544191545965,5159.159733854457,1115.298689561681,807.3244857332448,1026.6137716664032,1183.1129644212185,576.3340034662045
2016-01-18,1155.1482116464676,5265.727247347851,1310.065371290857,746.3776316583218,1001.1121121121121,1142.0843295869424,446.8917157712305
2016-01-19,1152.7707951522318,5100.655778894472,1404.9030727519205,763.3657477227484,978.6036562878668,1143.9180327868853,405.05247833622184
2016-01-20,1148.1564292048479,4819.532895961288,1390.9681427925893,753.9601857996018,851.4181549971024,1090.9235449924834,405.01448873483537
2016-01-21,1075.5129175288205,4755.02926670389,1372.1868504292815,722.6544006756349,904.6853695801065,1112.2564249409406,401.7795493934142
2016-01-22,1106.1628731894768,4870.206914200633,1282.7571170356982,752.0325149303252,992.1071597913703,1106.5877299735128,385.0240554592721
2016-01-23,1012.0740171445462,4700.021031081333,1046.822262388914,793.3624298727152,957.2274906485433,1095.6232371680148,406.7254766031196
2016-01-24,1151.552054389595,5081.714870649544,1178.7367073354421,796.5923870422876,1037.8717138190823,1200.216192998783,393.4167764298094
2016-01-25,1125.1765888264854,5495.802298529686,1441.2272179545112,723.3509682089642,878.6456983299089,1133.8005583792683,366.8667590987868
2016-01-26,1083.4856044930534,4958.763400335009,1523.7191595119748,712.6422754418772,835.6924819556399,1106.9446631827618,364.99521663778165
2016-01-27,1073.195152231747,4854.3811185557415,1606.5314806446754,756.4914640767328,823.3589905695169,1088.620445271673,379.42239168110916
2016-01-28,1065.591959798995,4557.17983435697,1428.9565446603403,741.675333293117,782.1254412307044,1051.2462595747727,384.2176083188908
2016-01-29,1017.4254212237659,4563.910292201749,1163.040744087965,667.8086505399046,956.0636425899584,1069.0370821103872,379.4670363951473
2016-01-30,1053.7099024534436,4608.4156430299645,1073.6239644524778,701.1094890510949,961.6333702123176,1160.536044097645,383.428006932409
2016-01-31,1224.4172627845107,5221.266424716174,1284.4831299894563,814.7483863183929,988.5033454507138,1130.072231369461,380.0024956672444
2016-02-01,1175.436653857523,5447.275683975433,1336.4286790179244,736.3064486939736,854.0656972762235,1084.0443839931277,395.6012478336222
2016-02-02,1063.0616612474134,5473.801693653452,1463.3827383642115,754.2127646739458,845.233918128655,1513.580786026201,370.6992027729636
2016-02-03,1051.7385161099617,5120.6758328680435,1549.2585479740924,775.0224407311335,921.4589326168274,1747.8409334955975,367.17642980935875
2016-02-04,1022.9533550103458,4969.180951051554,1523.6847416779635,709.4010375821922,843.3695801064222,1063.1261364449854,353.48471403812823
2016-02-05,957.484895063553,5061.509073143496,1277.905784003615,686.300717862098,907.9697065486539,981.1887035578782,355.5333102253033
2016-02-06,935.5051138043157,4630.003210496929,1112.5197318873325,686.3469264643784,901.7083926031295,1042.1519793829193,358.3784402079723
2016-02-07,1097.7148093408218,5268.7943886097155,1233.9297333935833,775.5769439584967,946.0018966334756,1083.7803708211038,315.47202772963607
2016-02-08,1192.3829736919893,6102.4053136050625,1572.343575839735,786.8995596308138,834.9627522259101,1071.9173885031141,361.18752166377817
2016-02-09,1054.5956251847472,5048.256700167504,1569.3047898779937,733.1190806539181,886.5973341762815,1015.6004008876798,361.4164991334489
2016-02-10,1015.1762932308602,5048.799460264285,1899.9941256213285,746.5513663509682,883.1515726252568,1040.1812585009664,376.28214904679373
2016-02-11,1014.2899201891812,4494.227991810906,1615.707636692273,746.9921578090125,988.0462040988357,1068.2184121984394,409.1306759098787
2016-02-12,977.4638486550399,4737.569653824679,1297.1050610031632,738.1295168003861,1042.454823244297,1039.4438399312764,431.0961525129983
2016-02-13,980.9684895063554,4772.701377256653,1154.9456996535623,728.916571152802,1018.2828618091776,1080.3665258787314,445.82329289428077
2016-02-14,1091.294354123559,5298.077935976177,1335.0596475372797,783.4381975025638,1019.8124967072335,1172.9228291216264,475.17837088388217
2016-02-15,1070.1674253621047,5331.452447422296,1506.0796806748003,753.1135911202268,836.585427532796,1094.6865201517646,400.6479029462738
2016-02-16,1043.3002069169377,5576.855155406663,1624.0989606868504,714.1108765156542,782.4504504504505,1050.340325005369,389.3538301559792
2016-02-17,1016.4951226721845,5117.613111855574,1704.6802229251393,759.6287024190143,784.8549602233812,1021.5456367671272,402.67923743500864
2016-02-18,956.7289388117056,4749.377489298344,1587.098659436662,801.4804246848042,839.4272166903746,984.4833560025771,373.80935875216636
2016-02-19,913.6828850133018,4667.715801228364,1323.5816388010242,662.7737829522833,833.0683841736474,978.9662824826402,375.9843327556326
2016-02-20,954.8105232042566,4677.602735901731,1143.3391323994576,719.1946069855825,923.0683841736474,964.3437611854821,420.2228076256499
2016-02-21,1050.9818504286136,5098.500790991997,1333.7124566952855,763.3795620437957,953.0257099204467,997.9774500680078,431.0497746967071
2016-02-22,1049.551817913095,5470.563744649172,1520.9648290405182,764.7318573927731,810.3711079500554,1013.4439115183621,399.3050259965338
2016-02-23,965.7401714454626,4980.641773683231,1592.8461364663353,724.5651203474694,768.3353353353353,1077.097644784881,368.840554592721
2016-02-24,1108.6092225835057,4997.735715615113,1588.0711703569814,737.2347831332569,733.918918918919,983.3049609850383,366.64956672443674
2016-02-25,1004.3544191545965,5048.036059929276,1488.284606115379,732.1708391144357,688.3669458932617,975.4582289355001,374.2763951473137
2016-02-26,971.2514336387821,4713.946491717848,1248.9771049856906,737.2908246365446,796.6803645751014,956.5047605411984,367.46294627383014
2016-02-27,878.5463198344664,4643.763028103481,1125.144600090375,726.2978826084334,814.2688477951635,1012.0986470040805,415.3724090121317
2016-02-28,1152.6553946201595,5059.744090824493,1348.2157704473566,792.4914037521868,850.0684368579106,1170.289784522872,466.2513691507799
2016-02-29,1221.006384865504,6705.966313046715,1827.2457448410905,832.7373469264644,792.9755545018703,1234.0776719879734,534.2025649913345
2016-03-01,1015.7907774164943,5105.587055648613,1697.005347190842,744.6801592568016,721.1876086612929,1041.861121053762,391.9849566724437
2016-03-02,1014.5960390186225,5026.616322352504,1696.9874228046392,758.7559872111963,800.2761709077498,1030.8121554871502,372.9505719237435
2016-03-03,1040.812769731008,4959.554811092499,1643.0735803584878,712.6743681003801,732.3409725514989,1059.744577278259,361.38225303292893
2016-03-04,953.4195684303872,4868.666201377257,1473.9333483958428,683.6236954816915,860.0724408619145,978.679504617367,378.4047833622184
2016-03-05,900.4967188885604,5098.926298157454,1304.73572827233,689.3033118175786,874.0385648806702,1110.6151478273318,414.81109185441943
2016-03-06,1115.0407330771504,5525.12218499907,1468.1135713209821,785.9788864088798,961.2256993835941,1098.4015319636337,439.3316464471404
2016-03-07,1058.0870824711794,5483.428996836032,1667.8871818044886,743.8513603185136,837.9663874400717,1151.365953182046,379.02031195840556
2016-03-08,1013.8298551581437,4973.663270053974,1761.8624792890496,721.9346685166195,797.8032769611717,1157.2826974013888,374.4696707105719
2016-03-09,983.1653561927284,4853.477107761028,1718.7608826630517,798.7720335404476,798.1683262209579,1115.332951535543,385.298856152513
2016-03-10,932.220750812888,4475.156383770705,1562.928151830095,686.727574350003,727.3645751014172,1043.480349344978,379.82218370883885
2016-03-11,958.219272834762,4405.541550344315,1385.1704322940202,681.7666043313025,822.8412096306834,1054.2889254778438,397.1918890814558
2016-03-12,898.3853975761159,4216.820817048204,1125.507606567254,643.2607226880617,829.3434487118698,1012.0946381272819,433.96741767764297
2016-03-13,1072.4376588826485,4263.18634840871,1336.770974544359,744.5028050913917,908.0531584215795,1120.6676211611425,441.9542461005199
2016-03-14,1086.228791013893,4706.6138563186305,1560.4394487121554,727.7391566628461,810.2599968389442,1061.5928126565968,404.2797227036395
2016-03-15,1007.9921371563701,4353.910106085986,1621.1330772706733,731.2158412257947,813.6450661187504,1079.1255637482998,393.3659618717504
2016-03-16,1010.4131835648832,4619.740368509213,1661.7092935683086,747.2424443506062,806.0164901743849,1098.90400171809,380.3476603119584
2016-03-17,927.2675140407922,4337.522473478503,1503.1722397951498,688.3840863847499,816.8658131816027,1083.9372897129358,381.66620450606587
2016-03-18,1024.019036358262,4021.6894193188164,1245.4476577797861,662.9306267720335,834.3526684579316,1001.664041806858,423.9475909878683
2016-03-19,865.999940880875,3951.679182951796,1039.8464377165235,657.9929420281112,910.0385648806702,1022.0658601188345,419.1105025996534
2016-03-20,975.8447531776529,4176.442211055276,1140.458427474017,766.0202087229294,947.389284020863,1060.535972510559,437.7749740034662
2016-03-21,974.6605971031629,4311.742927600968,1244.3603705377316,715.7676298485854,906.608450555819,1039.0275610279905,390.6741767764298
2016-03-22,931.8141885900088,4101.062534896706,1246.8646633529147,658.059540326959,825.7119751330277,1077.30045099864,370.28928942807624
2016-03-23,960.2424475317765,4119.934533780011,1129.5925591203495,1015.4221511733124,750.8445814235288,981.5635335385497,367.39209705372616
2016-03-24,993.5841560744901,4078.3304020100504,1123.8067480042175,724.4652832237438,721.1125335862178,1023.8169518218913,399.5235355285962
2016-03-25,1229.3989358557494,4182.210822631677,1161.4783099864437,676.0492248295832,766.1241241241241,988.0148901138234,382.41830155979204
2016-03-26,904.3091339048182,4150.644425832868,1187.5075312547071,644.3316040296796,797.5870607449555,1006.3006657598969,401.92859618717506
2016-03-27,1038.5425953295892,4437.000046528941,1322.2220967013104,734.3158593231586,867.838628101786,1046.6701982962275,424.1620103986135
2016-03-28,1087.5989949748744,4653.440908244928,1553.1274288296431,799.3125414731254,815.8046467520152,1057.8662753239316,395.7138301559792
2016-03-29,1136.899320130062,4419.391122278057,1515.0613797258623,710.0882548108825,741.0713871766503,1016.3221418856039,370.265719237435
2016-03-30,1004.1380431569613,4181.204913456169,1546.0922578701611,755.5786330457863,736.7312575733629,950.7417853819171,383.7058578856153
2016-03-31,909.7213124445758,4049.583007630746,1486.1000150625093,689.7982747179827,728.2187977451135,1041.7512348772282,362.2166377816291
2016-04-01,995.422287910139,4017.4405825423414,1270.3807049254406,639.2627737226277,869.8463726884779,938.7821604982461,388.5957019064125
2016-04-02,852.9522908660952,4735.933044853899,1156.9275493297184,656.5441274054413,846.0862441388757,1053.9615577349846,489.5284575389948
2016-04-03,934.9756429204848,5208.328122091942,1352.583672239795,705.2604210653315,938.8805120910384,1166.5215119192499,472.70329289428076
2016-04-04,1023.5771800177357,5368.795412246417,1573.7349751468594,702.7458526874585,865.1140087455877,1064.5758465172883,480.7297746967071
2016-04-05,1019.7577889447236,5080.9021961660155,1607.8590902244314,702.1374193159196,771.2319688109162,1043.7255351134656,467.3724090121317
2016-04-06,966.471888856045,5189.206076679695,1682.6730682331677,664.1948482837666,775.5992308097572,1020.068508841005,408.4153899480069
2016-04-07,966.2558084540349,4448.469523543644,1586.2363307727067,651.3464438680099,840.0555818976871,1006.9223280120266,382.22745233968806
2016-04-08,1031.2721844516702,4276.705890563931,1322.6730682331677,630.3439705616215,800.8688688688688,915.9417281122486,424.62072790294627
2016-04-09,866.1352054389595,4392.91634096408,1095.415499322187,605.2127646739458,938.7598124440229,885.3179898346339,435.5179896013865
2016-04-10,1020.8089269878806,4637.467895030709,1328.32647989155,672.4419979489654,1014.1777567040725,1082.817954041091,458.01060658578854
2016-04-11,980.987289388117,4719.03531546622,1621.6781141738213,697.4704711347047,799.4790580053738,1010.3762617223853,409.61753899480067
2016-04-12,1010.6882648536802,4482.437697748,1573.3323542702215,680.3255715750739,739.7394236341605,1117.495382632973,385.882842287695
2016-04-13,982.2222879101389,4451.835613251443,1586.6217803886127,735.70145382156,749.1998314103578,990.4824969575488,399.48797227036397
2016-04-14,914.7097250960686,4284.065373162107,1575.3395842747402,930.4616034264342,904.4790053211105,957.3862123272961,404.8615597920277
2016-04-15,943.9122672184452,4166.582681928159,1303.156424160265,1079.454062858177,869.7435856909541,949.5420574128427,396.1545927209705
2016-04-16,870.10399054094,4043.578447794528,1076.6110106943818,1042.309947517645,941.4278489015331,888.5930274178538,412.3821143847487
2016-04-17,1044.2645580845403,4344.5545784477945,1304.377767736105,1155.280810761899,994.4907012275434,946.2784021762474,424.86571923743503
2016-04-18,991.3626958321017,4651.845291271171,1515.0691369182105,1094.5147493515112,825.3383910226015,944.7829479561887,392.5374003466205
2016-04-19,959.835234998522,4584.950772380421,1598.349977406236,1124.0399951740362,828.0276065539224,992.3757606127855,375.39750433275566
2016-04-20,909.697605675436,4613.1815559277875,1637.8638349148969,1099.5615008747059,724.378536431168,1049.7127926122128,374.32499133448874
2016-04-21,942.2247117942654,5209.932533035548,1621.58457599036,1167.4286662242866,763.5704652020441,1079.7621161142529,369.49296360485266
2016-04-22,936.6868459946793,4955.808766052484,1408.831751769845,1157.0716052361706,803.0663294873821,1024.0959266948244,382.32201039861354
2016-04-23,889.7492757907183,4489.598920528569,1179.8315258322036,1138.4399469143996,876.9859333017228,929.1669410838285,399.5557019064125
2016-04-24,1079.5832101684896,4796.270379676159,1361.310438319024,1180.6831151595584,955.863389705495,1101.441835492877,414.7740727902946
2016-04-25,1040.443393437777,4897.122789875302,1496.2855851784907,851.9246546419738,793.6135609293505,1162.3885747011238,379.41878682842287
2016-04-26,1030.0112326337571,4508.821980271729,1581.506476879048,712.0766724980394,776.0122227490649,1003.6996921755315,361.11459272097056
2016-04-27,961.7960390186225,4441.389075004653,1523.6956619972887,710.4712553538035,707.1925609820347,941.3779082253561,373.7112651646447
2016-04-28,927.6452261306532,4422.119393262609,1442.1058894411808,696.1518972069736,695.6232548337812,981.6697687737133,373.2250953206239
2016-04-29,896.6500147797813,4190.773357528383,1209.5821659888538,674.435301924353,853.2600495232074,875.4968143746868,367.9556325823224
2016-04-30,819.5414720662134,4327.647543271915,1067.1192197620123,670.5409905290463,802.5873241662715,897.4968143746868,393.353136915078
2016-05-01,975.6420336979013,4518.613809789689,1283.245142340714,758.6749713458406,844.5271060534218,947.4501395948171,423.898856152513
2016-05-02,904.9192432751995,4832.005862646566,1513.1008435005272,694.4745732038366,811.8490069016385,926.9612713866419,408.66454072790293
2016-05-03,948.431983446645,4683.3096035734225,1596.3457599035999,704.2935392411172,922.367525420157,980.7292576419214,392.02135181975734
2016-05-04,883.726514927579,4651.092546063652,1566.4822262388914,758.0350485612596,882.6036036036036,996.5458515283843,375.1354592720971
2016-05-05,815.5561927283476,4347.2681462869905,1502.527715017322,653.4338541352477,966.2633686317897,970.1048034934498,362.6310571923743
2016-05-06,795.0788649127993,4388.236785780756,1328.99254405784,648.5031067141219,979.9766608713977,995.0426659030711,361.1489774696707
2016-05-07,740.7787762341118,4334.299972082636,1091.8012501882813,648.1150992338783,934.784837469048,1039.7333381058056,394.8643327556326
2016-05-08,850.5128584096956,4619.78578075563,1230.3018526886578,738.8138987754118,934.7450081660608,946.7521655093421,399.2499133448874
2016-05-09,946.8397871711499,4692.477386934674,1490.7556860973039,777.3435482897992,894.2573099415205,1037.636552365953,366.0074870017331
2016-05-10,937.537570203961,4516.644146659222,1523.2699954812472,754.2832840682873,779.7010694905432,1061.5006084902284,382.92887348353554
2016-05-11,887.3016257759385,4346.422157081704,1540.3151076969423,756.6051155215057,760.043780622728,1014.0681509055767,370.79299826689777
2016-05-12,913.1210168489506,4404.251256281407,1482.2586232866395,743.593895155939,809.4103577261473,1014.0616364807788,360.34551126516465
2016-05-13,899.7755838013597,4249.348780941746,1219.885374303359,712.0849369608494,814.9540066382172,922.9922685947455,355.40818024263433
2016-05-14,921.2120011823826,4357.666061790434,1113.4470552794096,748.7393376364843,892.3447131341868,988.2466175102012,382.2357712305026
2016-05-15,1036.7194206325746,4698.296342825237,1264.7080132550084,745.891476141642,944.0156472261735,1180.6418498102942,401.3251993067591
2016-05-16,1098.5370381318357,4815.661455425275,1473.3097605061002,763.043795620438,893.4442863916548,1024.1362302240675,358.86918544194106
2016-05-17,959.8228199822643,4499.332356225572,1618.2660792287995,688.3906617602703,821.7969021653232,988.9539695039015,356.9988908145581
2016-05-18,898.0254803428909,4473.768192815932,1783.4793643621026,701.9578331423056,723.6056056056057,953.2515570191138,347.0399306759099
2016-05-19,886.6441619864027,4334.129769216453,1488.6597379123361,680.7216022199433,916.9883040935673,981.9092275753454,343.94246100519933
2016-05-20,853.3911321312445,4062.1735529499347,1344.3765627353516,639.9472160221994,846.7088667614984,891.3087551005799,390.46849220103985
2016-05-21,794.5932604197458,4441.670342453006,1176.2925139328213,679.2859986728599,891.7329961540488,899.9866848020617,402.85060658578857
2016-05-22,882.9754064439846,4414.265866368882,1305.28791986745,827.2841889364782,1014.3892313365998,977.8770849738708,408.2481802426343
2016-05-23,1007.7483890038427,4779.272799181091,1570.395164934478,749.421668576944,803.2102102102102,918.2851313623022,381.94259965337955
2016-05-24,958.5118533845699,4409.804485389913,1531.4932218707636,716.2885926283404,768.4778462673199,917.8234662466891,373.11528596187173
2016-05-25,900.1126219331954,4337.431183696259,1570.0817141135713,700.8067201544309,739.378799852484,860.9964206457155,375.23403812824955
2016-05-26,875.1054685190659,4260.341848129537,1414.5741828588643,683.6896905350787,820.3588325167273,848.0118834562245,352.3297746967071
2016-05-27,871.3484481229677,4046.3674390470874,1173.6438469649042,661.2954696265911,894.8913123649966,826.7928985610996,358.246863084922
2016-05-28,860.4130062075081,4230.198352875488,1162.2295526434705,729.8318754901369,833.5583478215057,846.8916887393514,383.93518197573655
2016-05-29,970.6472953000296,4422.6138563186305,1280.6168097605062,787.8575737467576,958.073073073073,897.8823108311261,393.612547660312
2016-05-30,999.8263671297665,4599.6342359947885,1503.132851333032,774.9665198769379,788.0106422211685,858.956618226072,364.8488041594454
2016-05-31,927.3146911025717,4435.363344500279,1522.0013556258473,727.5794775894311,690.773826458037,823.6232371680148,344.4644714038128
2016-06-01,961.0717114986699,4316.176949562628,1504.570718481699,745.8103999517404,689.9666508613877,817.1490443124061,354.6120623916811
2016-06-02,927.760153709725,4181.0079564489115,1449.0134809459255,873.3297339687518,705.5769980506823,825.3170592025199,347.68214904679377
2016-06-03,911.4620750812888,4105.219011725293,1239.5169453230908,663.959280931411,827.4181549971024,805.840790321426,343.1509185441941
2016-06-04,926.2929352645581,4599.813512004467,1183.3562283476426,759.016649574712,893.4971813919183,905.1555587372038,369.190849220104
2016-06-05,985.3237954478274,4886.472780569514,1327.1827835517397,794.2731495445497,970.6311574732628,893.1718090056554,389.39050259965336
2016-06-06,1047.41584392551,4933.263819095478,1528.4257418285886,689.9653133860168,811.519414150993,918.5857255351135,353.9489081455806
2016-06-07,922.8259532958912,4583.81225572306,1552.007606567254,675.3984436267117,823.7832042568884,866.8491660104518,340.56242634315424
2016-06-08,938.3000886786875,4563.714591475898,1570.3422202138877,724.0945285636726,770.0540540540541,876.6055551578495,348.5091854419411
2016-06-09,951.1580254212238,4461.192862460451,1453.7297785811115,657.7948965434035,770.5273167904746,860.3340253418284,395.0519237435009
2016-06-10,965.715282293822,4441.811418202122,1257.123211327007,729.114797611148,838.8094937042306,874.5700479633474,400.2582322357019
2016-06-11,975.6770913390482,4847.873208635771,1094.6095044434403,727.5562526391989,837.1539961013646,878.6911017252488,412.0172616984402
2016-06-12,1245.3676027194797,5114.910013028103,1388.3280614550383,773.5472642818363,999.5685685685686,934.3202090342902,421.85712305026
2016-06-13,1172.6170854271356,5211.55201935604,1462.11131194457,744.0383664112927,953.3036720931458,931.5383348843868,367.45511265164646
2016-06-14,1125.7261602128287,5071.23790247534,1591.8485464678415,739.0922965554685,772.405300036879,904.7860977879591,378.25566724436743
2016-06-15,1014.2516701152823,4630.653731621068,1455.4045036903149,722.3726247209989,849.6122965070333,911.9477414274465,347.48762564991335
2016-06-16,1055.7262193319539,4477.677275265215,1327.8566802229252,693.0606864933342,876.815130920394,901.3560741642208,339.1570883882149
2016-06-17,973.2292639668933,4277.271775544388,1226.2489832806145,679.7013934970139,847.6964332753806,850.0282768988475,342.97795493934143
2016-06-18,884.7239728052025,4336.197375767728,1082.4103027564393,654.4996078904506,822.7505400136979,780.1687307609707,351.89157712305024
2016-06-19,1001.2732485959208,4755.2561883491535,1181.3092333182708,722.4063461422453,975.4635688319898,866.8020617080679,381.5301213171577
2016-06-20,1044.2280815843926,5353.390889633352,1386.4997740623587,708.2647644326477,786.8034350139613,918.0143174171379,356.37934142114386
2016-06-21,1040.9825598581142,4597.224222966685,1435.9569212230758,700.1786209808771,754.3893893893894,886.268809506765,351.7918890814558
2016-06-22,994.7178835353237,4684.881258142565,1351.0753125470703,698.3464438680099,942.4945998630209,867.6145751306465,349.732547660312
2016-06-23,899.8745492166715,4511.791689931137,1222.3885374303359,653.9609096941546,810.373268004847,783.4491373756174,348.6752166377816
2016-06-24,918.9304759089565,4514.709659408152,1109.4330471456544,680.8441816975327,1040.5139349876192,791.6191567041305,358.24589254766033
2016-06-25,913.5522317469702,4508.4656151126,1010.2561379725862,680.1082825601737,920.8021179073811,743.8910444555802,401.3290814558059
2016-06-26,1136.9782441619864,4757.226223711148,1147.7639704774815,801.1339204922483,913.217902112639,795.5516500823252,399.2623916811092
2016-06-27,1295.5579663020987,4946.9504466778335,1439.1332278957675,783.4755383965736,779.8229808756124,858.2197007659818,358.85344887348356
2016-06-28,1094.0050251256282,4674.176856504746,1322.636993523121,708.8672256741268,820.6974342763816,805.4445558021333,355.62620450606585
2016-06-29,913.054389595034,4459.391122278057,1309.4539087211929,644.8783857151475,890.5518149728676,746.14582289355,348.19646447140383
2016-06-30,949.3836831214898,4848.189326260935,1135.8830396143996,662.252518549798,806.0296085559244,743.2742501252774,334.8441594454073
2016-07-01,916.203192432752,4526.626930951052,1031.7519204699504,698.7565904566568,784.3628892049944,759.8951965065502,366.0792374350087
2016-07-02,949.0104640851315,4672.542341336311,1002.3705377315861,737.1331965976956,899.5803698435277,765.9927697043454,360.3947313691508
2016-07-03,1048.6631983446646,4722.593988460822,1070.9629462268415,777.3486758762141,881.8542753279595,801.2463311618584,374.8841594454073
2016-07-04,902.0382500738989,4968.296668527824,1143.6442235276397,694.1809736381733,779.5878510089036,771.1618584007444,365.1249220103986
2016-07-05,916.4151936151345,4925.85641168807,1199.6168097605062,647.8027990589371,844.4139929403087,791.7702770420216,392.8448526863085
2016-07-06,976.0627845107892,5551.543318444073,1163.7617111010695,646.9087289618145,965.4252146883725,804.9610566253848,368.02717504332753
2016-07-07,967.8566361217854,4702.552996463801,1152.7830245518903,736.5297701634795,920.5538696591328,865.0904144892262,376.5544540727903
2016-07-08,837.4280224652675,4199.518937278987,991.9613646633529,654.3997707667249,825.7187187187187,787.7137232443267,437.5129289428076
2016-07-09,789.9285249778303,4502.121347478132,929.5936888085555,613.4848283766664,910.1068963700543,708.6638986326867,391.4323050259965
2016-07-10,993.6633165829146,5228.974269495627,1193.6082994426872,765.9412438921397,1018.816606079764,891.4175674708283,408.5082149046794
2016-07-11,1045.54401418859,5331.230132142193,1179.794396746498,736.5681365747723,956.3011432485117,896.6687665545136,372.2384055459272
2016-07-12,1008.8555128584097,4622.442815931509,1175.5210122006326,695.4974965313386,904.4274274274275,773.7193786240962,417.1654766031196
2016-07-13,1043.924563996453,4476.913502698679,1139.4121102575689,634.9987935090788,847.0295558716612,783.8989190350061,388.54259965337957
2016-07-14,928.3896541531185,4418.123813512005,1095.5744087965054,674.8284369910117,776.8367841525736,826.0190421647935,391.03209705372615
2016-07-15,866.8859592078037,4307.067746138098,1047.9054827534267,598.5151716233336,785.7785153574628,743.8757964063283,387.0411785095321
2016-07-16,777.932899793083,4466.416713195607,894.1817291760807,574.6682149966822,896.7125546599231,700.4927339108025,378.0108838821491
2016-07-17,849.1557788944724,4728.184161548483,983.9061605663503,585.857030825843,984.9826141931405,755.0595604552939,407.44859618717504
2016-07-18,841.8336979012711,4744.776428438488,1107.4892303057688,605.1120226820293,1019.5424371740161,757.2642279332808,377.65642980935877
2016-07-19,800.5164646763228,4947.374092685651,1086.8428227142642,616.4167822887133,783.3756914809546,766.3704631684444,382.74481802426345
2016-07-20,822.6762045521726,6182.413270053974,1083.668172917608,613.3912046811847,781.1913492439808,1041.4032500536903,368.9305372616984
2016-07-21,846.7032811114395,7638.172808486879,1073.6802982376864,626.3422814743319,762.5346925873241,1383.503471973656,364.6654419410745
2016-07-22,825.3948566361217,8415.033640424344,1016.0731284832053,636.4936357603909,817.9047468521153,1831.2317989834635,365.42870017331023
2016-07-23,787.9736328702335,8326.567606551274,872.9845609278506,622.7012728479218,765.2914493440809,2099.6662610065146,355.4933102253033
2016-07-24,844.1776529707361,8758.070491345617,973.4738665461666,648.0969415455148,958.1219640693325,2529.1362302240677,387.2353552859619
2016-07-25,862.9576707064736,9105.055974316025,1112.6018978761863,668.3500633407733,758.6011274432327,2912.3494881523375,379.46856152513
2016-07-26,806.838250073899,9227.765587195236,1120.1630516644072,618.7533329311697,757.3844370686476,2994.134082611497,359.23438474870017
2016-07-27,850.0579958616612,8855.113995905453,1088.3649646031029,639.266212221753,747.0026868974237,3121.6452859904075,358.03431542461004
2016-07-28,844.6368903340231,8707.703238414293,1119.875884922428,640.8532907039875,688.4997102365523,3164.7940439544705,356.13351819757366
2016-07-29,780.0582914572865,8354.424436999814,1017.078174423859,632.5830367376485,763.2369738159211,3089.892333023123,359.5514731369151
2016-07-30,702.3968075672481,8046.994509584962,866.7925892453683,622.6688785666888,820.2545176755704,2871.476268881094,382.4192027729636
2016-07-31,824.2657995861662,8573.65936162293,981.7818948636843,651.3116969294806,959.0504188398925,2900.486863769776,385.534280762565
2016-08-01,813.587289388117,8866.79141075749,1090.9520259075161,673.654581649273,819.7824139929403,3127.805927410695,386.83667244367416
2016-08-02,860.3517587939698,8468.603294249024,1099.0967766229853,665.2119804548471,808.9822454032981,3148.0405182905006,378.3906412478336
2016-08-03,826.0118829441325,7509.828773497115,1163.8494502184064,650.0391506303915,835.737316263632,2882.374257283986,365.57663778162913
2016-08-04,828.6196275495123,6968.627163595756,1084.7435607772254,688.1195029257404,843.2915020283441,2579.7601832629393,372.4664124783362
2016-08-05,821.2963641738103,7136.275777033315,1064.503163126977,649.9825662061893,841.9760286602392,2349.659460233374,380.84270363951475
2016-08-06,736.4489506355307,7855.913828401265,1056.4177586985993,612.0047656391386,810.4580369843528,2122.3562889254777,374.94121317157715
2016-08-07,771.8418563405262,8051.568118369626,1093.779560174725,668.0841527417506,911.219166534956,2153.57498747226,389.6561525129983
2016-08-08,843.6921667159326,8849.003582728457,1278.8250489531556,639.5150509742414,981.5557662926084,2417.152552079605,402.32610051993066
2016-08-09,856.9980490688738,8526.696352131026,1321.4151980719987,650.7409663992279,868.9873030925662,2506.0561958622666,391.0481802426343
2016-08-10,868.2305645876442,9003.036152987159,1320.3689561680976,635.8972672980635,834.6317896844213,2677.168659173885,399.3735181975737
2016-08-11,876.0467041087792,8578.734552391588,1276.581337550836,645.7057971888762,891.2211158526948,2744.1689455222277,394.04928942807624
2016-08-12,886.7193023943246,8688.696863949377,1119.9877993673747,674.8543162212704,951.7767767767767,2843.6588159496027,381.08707105719236
2016-08-13,815.1108483594443,8676.938814442583,1019.1305166440729,631.4109308077457,850.492861282335,2599.131075953898,375.4267590987868
2016-08-14,884.2932308601833,8905.78391959799,1096.4701762313603,674.9458285576401,950.185132500922,2787.322070298518,392.298856152513
2016-08-15,868.6159030446349,9145.755397357156,1342.4662599789124,691.1316281594981,936.5794742110531,3065.8259002076024,432.7917504332756
2016-08-16,862.8180904522613,8072.853759538433,1377.1941557463474,648.2029317729384,942.3518255097202,2783.4109814589447,382.2675909878683
2016-08-17,860.6859000886786,5151.043597617719,1360.4629462268415,650.0620136333474,916.2152678994785,813.1302169088697,381.40409012131715
2016-08-18,868.4217558380136,5026.5663967988085,1327.7041723151076,689.7200941062919,974.1339760813445,801.9000644283772,371.81441941074524
2016-08-19,827.7483890038427,4919.281360506235,1215.2314354571472,713.1937021173916,955.0069543227438,819.4832128284057,392.25809358752167
2016-08-20,810.5541235589714,5001.825469942304,1066.223753577346,692.147131567835,978.0979927295717,818.5436323287279,408.25407279029463
2016-08-21,927.7994088087496,5496.80201935604,1284.4480343425214,729.7868733787778,983.1354512407144,907.9622736058415,455.7203466204506
2016-08-22,885.4839491575525,5450.444351386563,1409.139102274439,665.8774205224106,875.7809388335704,823.5652516286062,390.10883882149045
2016-08-23,823.8225835057641,5088.842871766238,1482.024476577798,647.7548410448211,1099.1709604341183,807.4382561385926,369.8916464471404
2016-08-24,823.9291161690807,4829.770844965568,1566.7948486217804,638.0415032876878,909.5124598282493,748.9362159066504,362.8989254766031
2016-08-25,817.5310079810819,4646.724641727154,1630.2818195511372,628.970802919708,860.9398345714135,756.1559882597179,396.8290467937608
2016-08-26,768.0716523795447,4511.157826167876,1260.7329417080887,625.4405501598601,958.6429060639587,743.4272317273964,372.06856152513
2016-08-27,690.4465858705291,4993.280569514238,1035.4615152884471,611.471858599264,904.3422896580792,694.7259646359797,379.9606932409012
2016-08-28,822.4065031037541,5373.258607854085,1344.2426570266607,669.2580080834891,1155.801380327696,720.2333023122628,406.2829116117851
2016-08-29,893.7378066804612,6116.283966126931,1688.0636391022745,667.914520118236,872.2778568041726,775.2448278330589,366.38481802426344
2016-08-30,844.3257463789536,6594.891680625349,1678.275192046995,660.6226699644085,834.3501396132975,779.3262223494881,354.1698440207972
2016-08-31,812.484895063553,6642.581286059929,1636.977556860973,653.5833383603789,777.9696011801275,731.9947741427446,375.4867937608319
2016-09-01,806.6403192432751,6555.0267076121345,1566.8258773911734,640.8551607649152,909.9082240134871,723.1390937074951,330.52769497400345
2016-09-02,788.5060005911912,6598.474874371859,1293.9499924687452,609.7323399891416,811.2062062062062,823.6122127568186,341.6665511265165
2016-09-03,732.619272834762,6897.727759166201,1050.9234824521766,636.4296917415696,888.3674727358938,842.62066003293,395.300589254766
2016-09-04,905.5794265444871,7008.336729946026,1354.5500075312548,737.9181999155456,941.701280227596,857.5492877084973,425.5385788561525
2016-09-05,903.6266036062666,6293.132049134561,1602.8154089471307,743.1542498642698,848.1310257626047,827.5474980313552,400.2813171577123
2016-09-06,854.8329884717706,5853.437837334823,1650.7058291911433,700.5224708934065,820.590432537801,834.9108024912306,358.2311958405546
2016-09-07,839.4660951817913,5216.095663502699,1704.5521162825726,712.7775230741389,773.5952268057531,812.8606199441621,346.086863084922
2016-09-08,802.046408513154,4791.177228736274,1544.619897574936,706.6797369849792,737.2311785469681,842.0040088767986,323.2107452339688
2016-09-09,828.2614247709134,4612.822445561139,1310.7925892453684,664.032394281233,718.3482956640852,833.2232085331806,328.4273830155979
2016-09-10,760.6227017440142,5062.895589056393,1061.7263142039465,662.2921517765578,853.9968916284706,803.9641348700694,378.8094280762565
2016-09-11,875.4241797221401,5282.555369439791,1313.297861123663,747.6110273270193,927.3610979400453,892.1260648578997,398.07916811091854
2016-09-12,893.8011823825008,5078.15982691234,1576.3858261786413,717.1374796404657,845.117854696802,889.4595890901281,338.7766377816291
2016-09-13,858.0607153414129,5294.774334636144,1777.311643319777,681.1579899861254,867.0422527790948,862.0614933066075,335.12506065857883
2016-09-14,844.9477978125924,5274.963335194491,1551.0230456394036,683.0600832478735,786.1705916442759,871.970005011096,391.13053726169846
2016-09-15,834.8696423292935,5395.610552763819,1358.7877692423558,664.6366049345479,730.8644433907592,870.0811797551721,388.1432235701906
2016-09-16,824.5798403783624,4578.344034989764,1148.647687904805,639.9536104240816,722.6239397292029,855.6218054263011,424.60727902946275
2016-09-17,833.0701152822938,4863.161176251629,1042.981774363609,691.3077758339869,751.046520204415,811.5185768487365,453.6878336221837
2016-09-18,907.1467336683417,5135.446677833613,1271.8723452327158,720.5161368160705,950.1968810916179,941.5122055981101,446.17386481802424
2016-09-19,901.2909252143069,5419.546575469943,1488.885374303359,692.670145382156,1082.7094989726568,913.3811296442121,370.2022183708839
2016-09-20,866.8252438663908,4822.313558533408,1560.9362855851784,697.5011763286482,772.9586428533797,876.5480707280407,347.90155979202774
2016-09-21,858.1579071829736,4983.991438674856,1567.5301250188281,710.3754599746637,800.4757915810548,927.959839644928,354.1385095320624
2016-09-22,841.1412947088384,4845.254792480923,1557.9491640307276,667.9992157809013,958.2681628997418,874.9859689312049,343.07369150779897
2016-09-23,819.644753177653,4791.704029406291,1301.571697544811,657.4699885383362,830.0103787998524,868.3364593027418,357.5629809358752
2016-09-24,726.0696423292935,4786.34896705751,1022.7627654767284,652.859081860409,869.7796217269902,793.2084615935286,368.2429116117851
2016-09-25,814.7032219923145,5125.8758142564675,1240.49563187227,770.4869397357785,945.4836942205363,882.4257283985969,381.3780935875217
2016-09-26,926.9041678983151,5177.00879396985,1514.0945925591204,796.3858961211317,855.7960592171119,880.9488868208175,363.23590987868283
2016-09-27,893.140762636713,5169.828633910292,1561.3012501882813,755.8367617783676,728.32047837311,995.756102799055,406.8481802426343
2016-09-28,870.838250073899,5068.459194118742,1542.1341316463322,779.4286662242866,782.284969179706,844.9338535328227,397.0738994800693
2016-09-29,884.238427431274,4916.182812209194,1477.1152281970176,756.0630994751765,772.0790263948159,862.883026701983,339.4284922010399
2016-09-30,839.5741649423588,4675.988181648986,1184.3197770748607,696.3018640284732,784.4112533586218,806.0655021834061,336.8461698440208
2016-10-01,888.6404966006503,5006.930067001675,1050.8261033288145,759.8145623454184,815.5591907697171,783.0678645572339,380.75334488734836
2016-10-02,1023.6420336979013,5269.653219802717,1228.130817894261,815.1953912046812,891.0707022812286,864.5415563032429,391.08568457538996
2016-10-03,1183.1368607744605,5579.333333333333,1513.1713360445851,791.7772214514085,849.1628470575839,882.969074378982,343.0383362218371
2016-10-04,1045.414425066509,5377.754978596688,1556.889516493448,701.6424564155154,794.8569622253833,937.4657455794975,350.6749393414211
2016-10-05,963.6155483298847,5824.3724176437745,1553.1168850730533,717.9791880316101,747.2567830988884,1326.1851957906795,328.0698786828423
2016-10-06,859.8131835648833,5808.927554438861,1447.9155746347342,726.8888821861616,714.5454928612824,1527.3776934640991,320.2663431542461
2016-10-07,841.7929057049955,4585.502186860227,1281.0207109504443,710.5098630632805,721.8897845213635,879.6050540482497,330.88076256499136
2016-10-08,805.2984924623115,5003.691094360693,1016.3654164783853,779.5669904083971,848.7825193614667,882.1007946166511,416.0244020797227
2016-10-09,925.2506650901566,5511.312767541411,1224.1018225636392,862.8600470531459,876.7375270006848,970.22055981101,438.4221143847487
2016-10-10,949.5858705291162,5508.164758980086,1431.8635336647085,814.0088073837244,901.7925820557399,943.7641205526523,424.81441941074524
2016-10-11,909.1814365947384,4827.223338916806,1515.2586232866395,766.9002232008204,859.2701649017439,888.0076598181688,343.72145580589256
2016-10-12,875.6354714750222,4803.817466964452,1633.9960084350053,913.7429571092478,731.6740951477793,915.7107165867277,344.31376083188906
2016-10-13,923.9242092817026,4929.2928996836035,1483.1385750866095,879.2759847982144,726.8242979821928,938.5947455079104,376.258856152513
2016-10-14,991.7741649423589,4741.33640424344,1260.3794999246875,706.4406104844061,731.2984036668247,1012.9173169160283,383.76707105719237
2016-10-15,809.8556310966597,5064.349292760096,1032.194833559271,701.4764432647644,736.8158158158158,1152.5771350848306,395.393136915078
2016-10-16,956.8274903931422,5353.272101246976,1417.5393884621178,867.1956928274114,884.4830620093778,1199.7236022621519,409.6279376083189
2016-10-17,962.6373632870234,5561.5840777963895,1488.785886428679,725.8040658744043,811.2497234076181,981.2273605841506,371.9884922010399
2016-10-18,913.4748448122967,5202.364600781686,1544.1588341617714,675.5224708934065,756.8244033507192,941.0561242751808,365.884575389948
2016-10-19,929.9270469997044,5159.249348594826,1576.3771652357282,662.7729384086384,746.3681576313155,914.3071801846946,354.48838821490466
2016-10-20,919.7827372154892,5216.640470872883,1518.600692875433,643.9309283947638,768.8244033507192,895.7243897200945,358.62516464471406
2016-10-21,916.5389299438368,4775.682719151312,1361.9427624642265,606.4664897146649,828.0033717928454,877.3431169017109,398.93123050259965
2016-10-22,823.988885604493,4890.384608226317,1096.855625847266,638.7736019786452,793.2535166745693,916.6104946667621,399.7629116117851
2016-10-23,937.6917528820574,5237.6886283268195,1282.9192649495405,743.6896302105326,895.4086191454612,984.6818669911947,419.7499480069324
2016-10-24,934.6629618681643,5466.489437930392,1583.8261033288145,704.3015624057429,828.7769875138296,947.5694036795762,388.93975736568456
2016-10-25,905.5580254212238,5145.883491531733,1610.4469799668625,643.4949025758581,821.4663084136769,891.6308969861836,373.549740034662
2016-10-26,880.2410877919007,4960.972734040573,1535.727971079982,628.5843035531158,691.9687055476529,903.4836423509199,359.5333102253033
2016-10-27,913.3386934673367,4886.9953471059,1440.456168097605,622.294323460216,836.4618829355671,876.8156632543489,350.8061005199307
2016-10-28,887.1565474430978,4516.792527452075,1214.807275192047,635.2105326657417,835.2042568884674,872.7241033717518,346.2637088388215
2016-10-29,806.0442211055276,4769.813372417644,979.8496008435005,625.4208240332991,811.189136504926,872.5469253346696,368.11757365684576
2016-10-30,941.3629914277269,5233.068118369626,1179.317894261184,648.2345418350727,853.0422000948316,926.5831484000287,400.52665511265167
2016-10-31,939.553709725096,5420.312627954588,1345.2570417231511,640.1009229655547,744.6090300827143,1006.8816665473548,364.18668977469673
2016-11-01,1000.3820277859887,5091.432951796017,1340.557689411056,700.4933944622067,708.6053421842895,959.8424368243968,334.7418370883882
2016-11-02,966.4290866095182,5271.3062069607295,1395.2081638801023,666.5380949508354,689.7675570307149,959.1263512062424,328.7589601386482
2016-11-03,895.4407921962755,5474.491112972269,1422.5369784606116,642.0798696989805,748.6776249934145,982.215978237526,343.38814558058925
2016-11-04,880.1320130062076,5077.3857249209,1260.5822413014007,635.0850576099415,780.2360781834466,978.4792755386928,336.34329289428075
2016-11-05,859.7258646172037,5353.01116694584,1086.0112968820606,714.5304940580322,756.3338601759655,986.8999928412915,364.81705372616983
2016-11-06,1055.8047886491279,5731.851572678206,1310.43161620726,805.4956867949569,829.5975449133343,1042.4479203951607,400.7505025996534
2016-11-07,1029.7883535323676,5840.212637260376,1513.4170808856757,694.1634795198166,698.5284231600021,1040.9516071300736,376.3135528596187
2016-11-08,999.9265149275791,5889.178950307091,1684.2727067329417,715.1767509199493,717.5500763921816,1060.919464528599,384.97740034662047
2016-11-09,1313.8905704995566,8243.377582356226,2215.196866998042,965.1488809796706,811.4605131447237,1588.1270670770994,536.7808665511266
2016-11-10,1025.483357966302,6693.725618834916,1701.5265853291157,742.3030705193944,713.9166008113376,1161.377049180328,373.42821490467935
2016-11-11,1040.9637008572274,5953.51535455053,1425.745142340714,816.8712674187127,854.1799694431273,1042.3585797122198,374.82246100519933
2016-11-12,926.3025125628141,5773.765401079471,1151.8027564392228,831.279785244616,771.3818555397503,1027.2260004295224,393.91043327556326
2016-11-13,1051.3766479456103,6287.211613623674,1347.4557162223227,783.1571454424806,832.3807491702229,1113.0864056124276,402.004575389948
2016-11-14,1067.1689624593555,6449.077749860413,1582.9470552794096,746.1278880376425,814.2737474316422,1094.0564822106091,371.57538994800694
2016-11-15,978.782382500739,5741.247440908245,1619.0875131796956,718.6574772274838,736.1594225804752,1102.5129930560527,361.04284228769495
2016-11-16,1006.2010050251256,5554.612972268751,1512.6309685193553,701.4482113772094,741.0725462304409,1016.7215262366669,368.85414211438473
2016-11-17,965.38403783624,5291.3132793597615,1410.6033288145804,662.6686975930506,755.3230599020072,998.0419500322142,395.91036395147313
2016-11-18,913.1502216967189,5053.549785966871,1237.914219008887,630.8735597514628,786.3353880195986,981.4275180757392,348.4493587521664
2016-11-19,916.38403783624,5117.602084496557,1018.717352010845,679.8416480665983,786.7209841420367,1007.5590951392369,384.8364644714038
2016-11-20,1014.2989062961868,5241.276242322725,1152.495556559723,787.6548832720034,837.7680311890838,1072.6009735843654,413.0391681109185
2016-11-21,970.5927874667454,5673.8968918667415,1342.51182406989,726.6371478554623,751.418313049892,1005.6361944305247,375.7193067590988
2016-11-22,953.2356488323973,5735.482132886656,1487.2242054526284,663.8819448633649,709.9120699647016,1019.7220273462667,387.0508145580589
2016-11-23,897.6483594442802,5207.988321235809,1496.6484410302755,668.4073716595283,782.1806016542859,986.9105877299735,355.5383708838821
2016-11-24,933.3434821164647,4904.279918109064,1369.1854948034343,690.3472280871086,693.9804014540856,969.7253919392941,347.4967071057192
2016-11-25,865.207921962755,4771.1710869160615,1153.4503690314807,635.9705012969778,763.4956008640219,934.7365595246617,343.43077989601386
2016-11-26,873.6844221105528,5418.751721570817,1210.4762012351257,722.6024612414792,796.6710921447764,1067.9833202090342,421.2477642980936
2016-11-27,1047.9319538870825,5646.814349525404,1377.1074710046694,814.4424202207879,860.8214530319793,1128.4870069439473,420.5697746967071
2016-11-28,1051.5207803724504,5186.138516657361,1431.6796957373099,714.34445315799,718.7266740424635,1099.7889612713866,352.89615251299824
2016-11-29,972.9691398167307,5317.238460822632,1631.2593764121102,717.5805634312602,825.5895895895895,1150.8604767699908,363.8625303292894
2016-11-30,885.1457877623411,4941.817141261865,1423.9996987498116,668.4702298365205,681.5599283494021,1081.2381702340897,354.9671403812825
2016-12-01,879.4300325155187,4917.592732179415,1284.4867449917156,634.7924232370151,717.0293451346083,1098.7376333309471,345.13518197573654
2016-12-02,876.2155483298848,4834.289177368323,1152.2367826479892,621.697291427882,754.6331067910015,1034.811010093779,344.8732062391681
2016-12-03,827.3829736919894,5485.214079657547,928.39614399759,690.3145321831453,790.9403087297824,1044.2327296155775,368.47750433275564
2016-12-04,974.8317469701449,5488.367625162851,1086.4709293568308,822.6861313868613,861.6217796744113,1087.0750948528885,388.5977816291161
2016-12-05,952.4020100502513,5619.412339475153,1226.1628257267662,746.735899137359,761.03577261472,1012.4799914095497,355.834870017331
2016-12-06,900.0053207212533,5581.2768471989575,1304.9606868504293,743.3021656512035,719.5347452715873,992.3730403035293,349.2416637781629
2016-12-07,887.2002955956252,5268.48003908431,1194.2510920319326,695.2528201725282,890.1423001949317,951.7471544133439,340.729705372617
2016-12-08,982.6756133609223,5161.235901730876,1152.6872269920168,683.8908125716354,782.3145250513671,978.6724174958838,323.6255112651646
2016-12-09,942.3020987289389,4756.05899869719,1036.2791836119898,677.6820896422754,847.7370001580528,946.0105948886821,343.5697746967071
2016-12-10,802.4390186225244,4923.432021217197,877.4728121705076,690.0370392712795,809.5330066909014,974.1810437397094,361.1173656845754
2016-12-11,959.4983742240615,5152.249395123767,978.5080584425365,760.7831332569223,863.8235077182445,1001.9600544061851,405.48443674176775
2016-12-12,959.3725096068579,5333.462730318258,1109.033212833258,760.5528141400736,784.3764290606396,997.1421003650942,355.03493934142114
2016-12-13,906.8808158439255,5075.9656151126,1101.3687302304563,693.6194124389214,762.4475528159738,983.4276612499106,353.26280762564994
2016-12-14,964.708720070943,5334.388609715243,1168.873700858563,666.7622006394402,836.3763763763764,984.0496814374687,345.65400346620453
2016-12-15,886.1992905704996,4843.169830634654,1024.390796806748,650.8543765458165,699.9652810705443,1017.1096714152767,334.34169844020795
2016-12-16,823.1794856636121,4579.314954401638,920.2568910980569,681.7152681426072,684.2150044781624,945.6267449352137,318.6
2016-12-17,781.4614838900384,4572.775637446492,851.4618918511824,702.2067322193401,776.9469996312101,950.0992912878517,349.0887348353553
2016-12-18,907.7149275790719,5291.855155406663,989.7866395541497,809.1811546118115,949.0082187450608,1023.6886677643353,380.65247833622186
2016-12-19,1121.3405852793378,5763.5214033128605,1083.9405784003616,854.3366712915486,798.9729202887098,989.2097501610709,351.89733102253035
2016-12-20,903.481525273426,5691.060161920715,1058.139026961892,752.7941726488508,807.782097887361,1013.42086047677,358.4550433275563
2016-12-21,904.0699970440437,5278.038944723618,1036.0897725561078,690.8700609277915,729.6555502871292,982.8735056195862,369.58121317157713
2016-12-22,870.851197162282,5357.364973013214,942.639177586986,664.6788321167883,686.9625941731205,920.5939580499678,339.6155285961872
2016-12-23,882.0906887378067,4994.783128605993,888.5115228197018,650.3210472341195,990.901427743533,912.0829694323144,332.7319237435009
2016-12-24,862.2931126219332,5316.687372045412,851.7647989154993,629.2152983048802,872.4194721036827,899.8458014174242,349.43916811091856
2016-12-25,1332.5798994974875,5518.462032384143,872.7440126525079,678.5316402244073,832.1302881829198,1142.3993127639774,367.414280762565
2016-12-26,1276.6619568430388,6207.52466033873,1154.6525832203645,907.1267418712674,794.0095358516411,1145.2156918891833,368.91195840554593
2016-12-27,1126.5372746083358,6485.652754513308,1081.9469046543154,844.6153706943355,807.4275854802171,1009.9240461020831,365.244575389948
2016-12-28,1069.204670410878,6283.216033873069,1122.804036752523,773.7401821801291,807.6228333596755,955.6339752308684,372.97261698440207
2016-12-29,1039.623884126515,6717.239484459334,1072.611387257117,757.9923387826507,884.6615036088721,920.0263440475338,343.39688041594457
2016-12-30,990.1539462015962,5561.334775730505,817.1079228799518,713.3953670748627,977.404035614562,823.5575202233517,345.28471403812824
2016-12-31,944.5598581140999,5434.178624604504,786.6473113420695,659.0409603667732,1216.9436805226278,913.7821604982461,352.9672097053726
